{"bias": -0.289, "hidden0": [[-0.19713100000000017, -0.21296900000000019, -0.1099000000000001, 0.15309900000000012], [0.29505500000000023, 0.12305600000000008, 0.12086800000000009, -0.23779400000000017], [0.14996900000000013, -0.11705300000000007, -0.21596400000000016, 0.18091200000000013], [-0.044956000000000024, 0.2668670000000002, 0.02793900000000002, -0.08972700000000006]], "hidden1": [[-0.2750070000000002, -0.2731660000000002, 0.1479350000000001, -0.007073000000000011], [0.10205000000000009, -0.17706000000000013, -0.058002000000000054, 0.5039330000000004], [0.18094100000000013, 0.23006100000000018, 0.03111700000000002, -0.40683700000000034], [-0.1190240000000001, -0.015939000000000023, 0.44306800000000035, -0.014912999999999982]]}