{"bias": 2.01, "hidden0": [[2.6898090000000088, 2.129174000000036, 6.337798999999877, 4.601851999999967], [1.2862549999999768, 2.447092000000041, -3.570470999999929], [-0.6865390000000021, -0.03735000000000019, 3.777488999999963, -1.482005999999984], [1.615555999999998, -1.6928530000000142, 1.5815669999999955, -1.7668440000000083]], "hidden1": [[-3.875246999999958, 1.353944999999999, -2.712519000000014, 4.224306999999908], [2.0742329999999995, -2.549047999999988, -1.690987000000001, 0.7019070000000044], [-0.3048709999999985, -0.9965249999999953, -2.4658109999999565, 0.7957359999999938], [3.078603000000081, -0.10540100000000004, -3.251700999999992, -3.316577000000039]]}